userid_DI      ,certified
MHxPC130476531 ,        0
MHxPC130559898 ,        1
MHxPC130552712 ,        1
MHxPC130394971 ,        0
MHxPC130191077 ,        1
MHxPC130286802 ,        0
MHxPC130043352 ,        0
MHxPC130419313 ,        1
MHxPC130388505 ,        1
MHxPC130009360 ,        0
MHxPC130532045 ,        1
MHxPC130216940 ,        1
MHxPC130578295 ,        1
MHxPC130446454 ,        1
MHxPC130529632 ,        1
MHxPC130143569 ,        0
MHxPC130362547 ,        1
MHxPC130213300 ,        1
MHxPC130478915 ,        0
MHxPC130300047 ,        1
MHxPC130210925 ,        0
MHxPC130552021 ,        0
MHxPC130173010 ,        0
MHxPC130269115 ,        0
MHxPC130034361 ,        1
MHxPC130004069 ,        0
MHxPC130351479 ,        0
MHxPC130206667 ,        0
MHxPC130437365 ,        0
MHxPC130149058 ,        0
MHxPC130181016 ,        0
MHxPC130566621 ,        0
MHxPC130581421 ,        0
MHxPC130452655 ,        1
MHxPC130587091 ,        0
MHxPC130287764 ,        0
MHxPC130276018 ,        0
MHxPC130191657 ,        0
MHxPC130009396 ,        0
MHxPC130443685 ,        0
MHxPC130556111 ,        0
MHxPC130505487 ,        0
MHxPC130369499 ,        0
MHxPC130463605 ,        1
MHxPC130320772 ,        0
MHxPC130192095 ,        0
MHxPC130582110 ,        0
MHxPC130106161 ,        0
MHxPC130118582 ,        0
MHxPC130244886 ,        1
MHxPC130177400 ,        0
MHxPC130429994 ,        0
MHxPC130005803 ,        0
MHxPC130586617 ,        1
MHxPC130461099 ,        1
MHxPC130208353 ,        0
MHxPC130552046 ,        1
MHxPC130506016 ,        1
MHxPC130250802 ,        1
MHxPC130033608 ,        0
MHxPC130429802 ,        1
MHxPC130585792 ,        1
MHxPC130351599 ,        1
MHxPC130453330 ,        0
MHxPC130342765 ,        1
MHxPC130533199 ,        0
MHxPC130421343 ,        0
MHxPC130581691 ,        1
MHxPC130135213 ,        0
MHxPC130436541 ,        1
MHxPC130028227 ,        1
MHxPC130346091 ,        0
MHxPC130396659 ,        1
MHxPC130096637 ,        0
MHxPC130562103 ,        1
MHxPC130433771 ,        0
MHxPC130233980 ,        1
MHxPC130173421 ,        0
MHxPC130003333 ,        0
MHxPC130537178 ,        1
MHxPC130223593 ,        0
MHxPC130555740 ,        0
MHxPC130584521 ,        1
MHxPC130021608 ,        0
MHxPC130400061 ,        1
MHxPC130329208 ,        0
MHxPC130486633 ,        1
MHxPC130405795 ,        1
MHxPC130445092 ,        0
MHxPC130033088 ,        1
MHxPC130286856 ,        1
MHxPC130560892 ,        0
MHxPC130277140 ,        1
MHxPC130531254 ,        1
MHxPC130004460 ,        0
MHxPC130172333 ,        1
MHxPC130214295 ,        0
MHxPC130531629 ,        1
MHxPC130362664 ,        1
MHxPC130364239 ,        1
MHxPC130228964 ,        1
MHxPC130002794 ,        0
MHxPC130038691 ,        0
MHxPC130474263 ,        1
MHxPC130476367 ,        0
MHxPC130201593 ,        0
MHxPC130493447 ,        0
MHxPC130224804 ,        0
MHxPC130470611 ,        1
MHxPC130376172 ,        0
MHxPC130590334 ,        1
MHxPC130055922 ,        1
MHxPC130253727 ,        1
MHxPC130193501 ,        0
MHxPC130127532 ,        0
MHxPC130356919 ,        1
MHxPC130158860 ,        0
MHxPC130039211 ,        1
MHxPC130335204 ,        1
MHxPC130569306 ,        0
MHxPC130594763 ,        0
MHxPC130533384 ,        1
MHxPC130556023 ,        1
MHxPC130568313 ,        0
MHxPC130042173 ,        0
MHxPC130315344 ,        0
MHxPC130129363 ,        1
MHxPC130420819 ,        0
MHxPC130270343 ,        0
MHxPC130319768 ,        0
MHxPC130320922 ,        0
MHxPC130109485 ,        1
MHxPC130383270 ,        0
MHxPC130525019 ,        0
MHxPC130257048 ,        1
MHxPC130185155 ,        1
MHxPC130293154 ,        1
MHxPC130053194 ,        1
MHxPC130251362 ,        1
MHxPC130066144 ,        0
MHxPC130517268 ,        0
MHxPC130584611 ,        1
MHxPC130330648 ,        1
MHxPC130345957 ,        0
MHxPC130074478 ,        1
MHxPC130374199 ,        0
MHxPC130223662 ,        0
MHxPC130491139 ,        0
MHxPC130165280 ,        1
MHxPC130105145 ,        0
MHxPC130026066 ,        0
MHxPC130414339 ,        1
MHxPC130135864 ,        0
MHxPC130400589 ,        0
MHxPC130563068 ,        0
MHxPC130178572 ,        0
MHxPC130230756 ,        0
MHxPC130329184 ,        1
MHxPC130425415 ,        1
MHxPC130570423 ,        1
MHxPC130180480 ,        0
MHxPC130096609 ,        0
MHxPC130242038 ,        1
MHxPC130542603 ,        1
MHxPC130326827 ,        0
MHxPC130436674 ,        1
MHxPC130313615 ,        0
MHxPC130352962 ,        0
MHxPC130300184 ,        1
MHxPC130527834 ,        0
MHxPC130422013 ,        0
MHxPC130243966 ,        1
MHxPC130165096 ,        1
MHxPC130331597 ,        1
MHxPC130390490 ,        1
MHxPC130365642 ,        1
MHxPC130588314 ,        1
MHxPC130115396 ,        0
MHxPC130582874 ,        0
MHxPC130315559 ,        0
MHxPC130203867 ,        0
MHxPC130316097 ,        0
MHxPC130137552 ,        1
MHxPC130083743 ,        0
MHxPC130213496 ,        1
MHxPC130258081 ,        0
MHxPC130010572 ,        1
MHxPC130406269 ,        0
MHxPC130585104 ,        1
MHxPC130378436 ,        1
MHxPC130444350 ,        0
MHxPC130111946 ,        1
MHxPC130111187 ,        1
MHxPC130129044 ,        0
MHxPC130456656 ,        0
MHxPC130416697 ,        0
MHxPC130559301 ,        1
MHxPC130098989 ,        1
MHxPC130464765 ,        1
MHxPC130163001 ,        1
MHxPC130500153 ,        1
MHxPC130531716 ,        0
MHxPC130498228 ,        1
MHxPC130551733 ,        0
MHxPC130045301 ,        0
MHxPC130210505 ,        1
MHxPC130361788 ,        0
MHxPC130321364 ,        1
MHxPC130112567 ,        1
MHxPC130255826 ,        0
MHxPC130329309 ,        1
MHxPC130102169 ,        0
MHxPC130486589 ,        1
MHxPC130157073 ,        1
MHxPC130167553 ,        1
MHxPC130076813 ,        0
MHxPC130248190 ,        1
MHxPC130013759 ,        1
MHxPC130080445 ,        1
MHxPC130167379 ,        0
MHxPC130218391 ,        1
MHxPC130053202 ,        0
MHxPC130541826 ,        0
MHxPC130408411 ,        0
MHxPC130027396 ,        1
MHxPC130101262 ,        1
MHxPC130272966 ,        1
MHxPC130144422 ,        1
MHxPC130210581 ,        1
MHxPC130561897 ,        1
MHxPC130128272 ,        0
MHxPC130151731 ,        0
MHxPC130046749 ,        0
MHxPC130000887 ,        0
MHxPC130350908 ,        1
MHxPC130084136 ,        0
MHxPC130116372 ,        1
MHxPC130198865 ,        1
MHxPC130533290 ,        0
MHxPC130322688 ,        1
MHxPC130274940 ,        0
MHxPC130260727 ,        0
MHxPC130158262 ,        1
MHxPC130091709 ,        1
MHxPC130101689 ,        0
MHxPC130118312 ,        1
MHxPC130041052 ,        0
MHxPC130453191 ,        1
MHxPC130273296 ,        1
MHxPC130332770 ,        1
MHxPC130526303 ,        0
MHxPC130000906 ,        1
MHxPC130125685 ,        1
MHxPC130462502 ,        0
MHxPC130502195 ,        0
MHxPC130344574 ,        0
MHxPC130569064 ,        0
MHxPC130509254 ,        1
MHxPC130265997 ,        0
MHxPC130234795 ,        0
MHxPC130203236 ,        1
MHxPC130290896 ,        1
MHxPC130294561 ,        0
MHxPC130245053 ,        0
MHxPC130177086 ,        1
MHxPC130394509 ,        0
MHxPC130509386 ,        0
MHxPC130310914 ,        0
MHxPC130391307 ,        0
MHxPC130169999 ,        1
MHxPC130060959 ,        1
MHxPC130572012 ,        1
MHxPC130320280 ,        0
MHxPC130440584 ,        0
MHxPC130571902 ,        0
MHxPC130515857 ,        0
MHxPC130243664 ,        1
MHxPC130106363 ,        1
MHxPC130140741 ,        0
MHxPC130096738 ,        1
MHxPC130533526 ,        0
MHxPC130478861 ,        0
MHxPC130022471 ,        0
MHxPC130323005 ,        0
MHxPC130551870 ,        1
MHxPC130060439 ,        0
MHxPC130022444 ,        1
MHxPC130246278 ,        1
MHxPC130544102 ,        1
MHxPC130142186 ,        1
MHxPC130181092 ,        0
MHxPC130043670 ,        0
MHxPC130154266 ,        1
MHxPC130026379 ,        1
MHxPC130525643 ,        1
MHxPC130332697 ,        1
MHxPC130105173 ,        1
MHxPC130121009 ,        1
MHxPC130531647 ,        1
MHxPC130365498 ,        0
MHxPC130236946 ,        1
MHxPC130592802 ,        1
MHxPC130214924 ,        0
MHxPC130367413 ,        0
MHxPC130168969 ,        1
MHxPC130531323 ,        1
MHxPC130565234 ,        1
MHxPC130441720 ,        0
MHxPC130596587 ,        1
MHxPC130332945 ,        1
MHxPC130240764 ,        0
MHxPC130069007 ,        1
MHxPC130436719 ,        0
MHxPC130110181 ,        1
MHxPC130284323 ,        1
MHxPC130473372 ,        1
MHxPC130446600 ,        1
MHxPC130106156 ,        0
MHxPC130513610 ,        1
MHxPC130018679 ,        1
MHxPC130149463 ,        0
MHxPC130240818 ,        1
MHxPC130142442 ,        0
MHxPC130337607 ,        1
MHxPC130318029 ,        0
MHxPC130082294 ,        0
MHxPC130360157 ,        0
MHxPC130271424 ,        1
MHxPC130473747 ,        0
MHxPC130388211 ,        0
MHxPC130451655 ,        1
MHxPC130127171 ,        0
MHxPC130556056 ,        1
MHxPC130448890 ,        0
MHxPC130272597 ,        1
MHxPC130417372 ,        0
MHxPC130038210 ,        1
MHxPC130506665 ,        0
MHxPC130048145 ,        0
MHxPC130200572 ,        0
MHxPC130124823 ,        0
MHxPC130237630 ,        0
MHxPC130179198 ,        1
MHxPC130540212 ,        0
MHxPC130576077 ,        1
MHxPC130355410 ,        0
MHxPC130402450 ,        0
MHxPC130142686 ,        1
MHxPC130368759 ,        1
MHxPC130004124 ,        1
MHxPC130401407 ,        1
MHxPC130036391 ,        1
MHxPC130315449 ,        0
MHxPC130412926 ,        0
MHxPC130317964 ,        1
MHxPC130186309 ,        1
MHxPC130251350 ,        1
MHxPC130051731 ,        1
MHxPC130556006 ,        1
MHxPC130277483 ,        0
MHxPC130556621 ,        1
MHxPC130568189 ,        1
MHxPC130048491 ,        0
MHxPC130265434 ,        1
MHxPC130543360 ,        1
MHxPC130336855 ,        1
MHxPC130368405 ,        1
MHxPC130006465 ,        1
MHxPC130388068 ,        1
MHxPC130105715 ,        0
MHxPC130137354 ,        0
MHxPC130410843 ,        0
MHxPC130361050 ,        0
MHxPC130555113 ,        1
MHxPC130059473 ,        0
MHxPC130130106 ,        0
MHxPC130191423 ,        1
MHxPC130096123 ,        1
MHxPC130447649 ,        1
MHxPC130355899 ,        0
MHxPC130241224 ,        0
MHxPC130106625 ,        0
MHxPC130543423 ,        1
MHxPC130362503 ,        1
MHxPC130537892 ,        1
MHxPC130053193 ,        0
MHxPC130301925 ,        0
MHxPC130335845 ,        0
MHxPC130498699 ,        0
MHxPC130149285 ,        0
MHxPC130314602 ,        1
MHxPC130471053 ,        0
MHxPC130037624 ,        1
MHxPC130457190 ,        1
MHxPC130213169 ,        1
MHxPC130428905 ,        1
MHxPC130010990 ,        1
MHxPC130519100 ,        0
MHxPC130582139 ,        0
MHxPC130392006 ,        0
MHxPC130265317 ,        0
MHxPC130295237 ,        1
MHxPC130475152 ,        0
MHxPC130489611 ,        0
MHxPC130323159 ,        0
MHxPC130094857 ,        0
MHxPC130111085 ,        0
MHxPC130018976 ,        0
MHxPC130550601 ,        0
MHxPC130216871 ,        1
MHxPC130521904 ,        0
MHxPC130499541 ,        0
MHxPC130561789 ,        0
MHxPC130040807 ,        0
MHxPC130183104 ,        0
MHxPC130276866 ,        0
MHxPC130443244 ,        0
MHxPC130491024 ,        1
MHxPC130090966 ,        1
MHxPC130206558 ,        0
MHxPC130036174 ,        1
MHxPC130545887 ,        1
MHxPC130051501 ,        0
MHxPC130435831 ,        1
MHxPC130331637 ,        0
MHxPC130022950 ,        0
MHxPC130285217 ,        1
MHxPC130287737 ,        1
MHxPC130551966 ,        0
MHxPC130262367 ,        0
MHxPC130569007 ,        0
MHxPC130273183 ,        1
MHxPC130539255 ,        0
MHxPC130414206 ,        1
MHxPC130454638 ,        1
MHxPC130004197 ,        1
MHxPC130585070 ,        0
MHxPC130501126 ,        0
MHxPC130403977 ,        1
MHxPC130548683 ,        0
MHxPC130498131 ,        0
MHxPC130344529 ,        1
MHxPC130355549 ,        1
MHxPC130024698 ,        1
MHxPC130314974 ,        1
MHxPC130426126 ,        1
MHxPC130389428 ,        1
MHxPC130283598 ,        0
MHxPC130129968 ,        0
MHxPC130026688 ,        1
MHxPC130075388 ,        1
MHxPC130163934 ,        1
MHxPC130066050 ,        0
MHxPC130337833 ,        0
MHxPC130067842 ,        0
MHxPC130293414 ,        0
MHxPC130514721 ,        1
MHxPC130007386 ,        0
MHxPC130409282 ,        1
MHxPC130302112 ,        0
MHxPC130278838 ,        1
MHxPC130469547 ,        1
MHxPC130025815 ,        1
MHxPC130431133 ,        1
MHxPC130348993 ,        1
MHxPC130416746 ,        1
MHxPC130084987 ,        1
MHxPC130448830 ,        0
MHxPC130427143 ,        0
MHxPC130533044 ,        0
MHxPC130076740 ,        0
MHxPC130288868 ,        1
MHxPC130592298 ,        0
MHxPC130331953 ,        0
MHxPC130146732 ,        0
MHxPC130508569 ,        0
MHxPC130483776 ,        0
MHxPC130393805 ,        1
MHxPC130573304 ,        0
MHxPC130208828 ,        1
MHxPC130268688 ,        0
MHxPC130127660 ,        0
MHxPC130425799 ,        0
MHxPC130002863 ,        0
MHxPC130511281 ,        1
MHxPC130379438 ,        1
MHxPC130389959 ,        0
MHxPC130534556 ,        0
MHxPC130143463 ,        0
MHxPC130520659 ,        0
MHxPC130265567 ,        1
MHxPC130168765 ,        1
MHxPC130538990 ,        0
MHxPC130271771 ,        1
MHxPC130567662 ,        0
MHxPC130221840 ,        0
MHxPC130261173 ,        0
MHxPC130262754 ,        1
MHxPC130535760 ,        1
MHxPC130369416 ,        1
MHxPC130374345 ,        0
MHxPC130228836 ,        0
MHxPC130557926 ,        1
MHxPC130092761 ,        0
MHxPC130005682 ,        1
MHxPC130265985 ,        0
MHxPC130464089 ,        1
MHxPC130303627 ,        1
MHxPC130024703 ,        1
MHxPC130569760 ,        0
MHxPC130187210 ,        0
MHxPC130441561 ,        0
MHxPC130241171 ,        1
MHxPC130297465 ,        0
MHxPC130447686 ,        0
MHxPC130191612 ,        0
MHxPC130552138 ,        0
MHxPC130267083 ,        0
MHxPC130594560 ,        0
MHxPC130117135 ,        0
MHxPC130070050 ,        0
MHxPC130375063 ,        0
MHxPC130014861 ,        0
MHxPC130339324 ,        0
MHxPC130285074 ,        1
MHxPC130144984 ,        1
MHxPC130188996 ,        1
MHxPC130472657 ,        1
MHxPC130099464 ,        0
MHxPC130238318 ,        1
MHxPC130159097 ,        1
MHxPC130527732 ,        0
MHxPC130259587 ,        1
MHxPC130108548 ,        0
MHxPC130367347 ,        0
MHxPC130416676 ,        1
MHxPC130476768 ,        0
MHxPC130463017 ,        1
MHxPC130085394 ,        1
MHxPC130500944 ,        1
MHxPC130237221 ,        0
MHxPC130089103 ,        0
MHxPC130405856 ,        1
MHxPC130165565 ,        1
MHxPC130501430 ,        1
MHxPC130470280 ,        0
MHxPC130408734 ,        1
MHxPC130470778 ,        1
MHxPC130120795 ,        0
MHxPC130235652 ,        1
MHxPC130372815 ,        0
MHxPC130312374 ,        1
MHxPC130545254 ,        1
MHxPC130149724 ,        1
MHxPC130013253 ,        1
MHxPC130257927 ,        1
MHxPC130032158 ,        0
MHxPC130399345 ,        0
MHxPC130290170 ,        0
MHxPC130309711 ,        1
MHxPC130291192 ,        1
MHxPC130339535 ,        0
MHxPC130036720 ,        1
MHxPC130555087 ,        0
MHxPC130204334 ,        0
MHxPC130353075 ,        1
MHxPC130517041 ,        1
MHxPC130532876 ,        0
MHxPC130333750 ,        0
MHxPC130411576 ,        1
MHxPC130328984 ,        0
MHxPC130021531 ,        1
MHxPC130368992 ,        1
MHxPC130136582 ,        1
MHxPC130511833 ,        0
MHxPC130408490 ,        0
MHxPC130433808 ,        1
MHxPC130176002 ,        1
MHxPC130533262 ,        1
MHxPC130535692 ,        0
MHxPC130329375 ,        0
MHxPC130119729 ,        0
MHxPC130075038 ,        1
MHxPC130407791 ,        0
MHxPC130227842 ,        0
MHxPC130534138 ,        1
MHxPC130075612 ,        0
MHxPC130429281 ,        1
MHxPC130114887 ,        1
MHxPC130070035 ,        0
MHxPC130595579 ,        1
MHxPC130424244 ,        0
MHxPC130550551 ,        0
MHxPC130586852 ,        1
MHxPC130226535 ,        1
MHxPC130321626 ,        1
MHxPC130412873 ,        0
MHxPC130438706 ,        0
MHxPC130515453 ,        0
MHxPC130114506 ,        0
MHxPC130333512 ,        1
MHxPC130200644 ,        1
MHxPC130160126 ,        0
MHxPC130081103 ,        0
MHxPC130485493 ,        0
MHxPC130590158 ,        0
MHxPC130518743 ,        1
MHxPC130278294 ,        1
MHxPC130357027 ,        1
MHxPC130543327 ,        0
MHxPC130464578 ,        1
MHxPC130342136 ,        1
MHxPC130261607 ,        0
MHxPC130000513 ,        1
MHxPC130164712 ,        0
MHxPC130063807 ,        1
MHxPC130159971 ,        1
MHxPC130175473 ,        0
MHxPC130381843 ,        0
MHxPC130169876 ,        0
MHxPC130056670 ,        1
MHxPC130588283 ,        0
MHxPC130584029 ,        1
MHxPC130428806 ,        1
MHxPC130441191 ,        1
MHxPC130512594 ,        0
MHxPC130314834 ,        0
MHxPC130418614 ,        0
MHxPC130284254 ,        1
MHxPC130338102 ,        0
MHxPC130528631 ,        1
MHxPC130334976 ,        1
MHxPC130379100 ,        0
MHxPC130584745 ,        1
MHxPC130578144 ,        0
MHxPC130570338 ,        0
MHxPC130127560 ,        1
MHxPC130019670 ,        1
MHxPC130203527 ,        1
MHxPC130154296 ,        1
MHxPC130137749 ,        1
MHxPC130556937 ,        0
MHxPC130430047 ,        0
MHxPC130227709 ,        1
MHxPC130112754 ,        1
MHxPC130501915 ,        0
MHxPC130540455 ,        1
MHxPC130408900 ,        0
MHxPC130561228 ,        1
MHxPC130196280 ,        1
MHxPC130259101 ,        0
MHxPC130003674 ,        0
MHxPC130399160 ,        1
MHxPC130295627 ,        1
MHxPC130424877 ,        1
MHxPC130540321 ,        1
MHxPC130304702 ,        0
MHxPC130029258 ,        1
MHxPC130486753 ,        1
MHxPC130114243 ,        0
MHxPC130243740 ,        1
MHxPC130296548 ,        1
MHxPC130517675 ,        0
MHxPC130265362 ,        0
MHxPC130250432 ,        0
MHxPC130167834 ,        1
MHxPC130200385 ,        0
MHxPC130063256 ,        0
MHxPC130028509 ,        0
MHxPC130442050 ,        0
MHxPC130337694 ,        0
MHxPC130201267 ,        0
MHxPC130525463 ,        0
MHxPC130545287 ,        1
MHxPC130119446 ,        0
MHxPC130209225 ,        0
MHxPC130144821 ,        0
MHxPC130509713 ,        1
MHxPC130563752 ,        0
MHxPC130271270 ,        1
MHxPC130481315 ,        0
MHxPC130083634 ,        0
MHxPC130056811 ,        1
MHxPC130194532 ,        1
MHxPC130172321 ,        1
MHxPC130430688 ,        1
MHxPC130458728 ,        0
MHxPC130461221 ,        0
MHxPC130486035 ,        0
MHxPC130551048 ,        1
MHxPC130365942 ,        1
MHxPC130462255 ,        1
MHxPC130215399 ,        0
MHxPC130071573 ,        0
MHxPC130305062 ,        0
MHxPC130067666 ,        1
MHxPC130299653 ,        1
MHxPC130317948 ,        1
MHxPC130483881 ,        1
MHxPC130267331 ,        0
MHxPC130144986 ,        1
MHxPC130447532 ,        0
MHxPC130052822 ,        0
MHxPC130209601 ,        1
MHxPC130247014 ,        0
MHxPC130135114 ,        0
MHxPC130486619 ,        1
MHxPC130437705 ,        1
MHxPC130264831 ,        1
MHxPC130562273 ,        1
MHxPC130357747 ,        1
MHxPC130422418 ,        0
MHxPC130123865 ,        1
MHxPC130508685 ,        0
MHxPC130403210 ,        0
MHxPC130012265 ,        1
MHxPC130146882 ,        1
MHxPC130166504 ,        1
MHxPC130017448 ,        1
MHxPC130473256 ,        1
MHxPC130089538 ,        1
MHxPC130590626 ,        1
MHxPC130153387 ,        1
MHxPC130017288 ,        1
MHxPC130589647 ,        1
MHxPC130144281 ,        1
MHxPC130057633 ,        0
MHxPC130417804 ,        0
MHxPC130490697 ,        1
MHxPC130010864 ,        0
MHxPC130186071 ,        1
MHxPC130370261 ,        1
MHxPC130549144 ,        1
MHxPC130555256 ,        0
MHxPC130582716 ,        0
MHxPC130559332 ,        0
MHxPC130116589 ,        0
MHxPC130572173 ,        0
MHxPC130505814 ,        1
MHxPC130027818 ,        0
MHxPC130056889 ,        0
MHxPC130273581 ,        0
MHxPC130370239 ,        1
MHxPC130105401 ,        1
MHxPC130302457 ,        1
MHxPC130228374 ,        0
MHxPC130060391 ,        1
MHxPC130470435 ,        0
MHxPC130259234 ,        1
MHxPC130395598 ,        0
MHxPC130371611 ,        1
MHxPC130478726 ,        0
MHxPC130238246 ,        1
MHxPC130331089 ,        1
MHxPC130002329 ,        1
MHxPC130020904 ,        0
MHxPC130418825 ,        1
MHxPC130480780 ,        1
MHxPC130017305 ,        0
MHxPC130549465 ,        0
MHxPC130009477 ,        1
MHxPC130352990 ,        1
MHxPC130015390 ,        1
MHxPC130115510 ,        0
MHxPC130404650 ,        1
MHxPC130481995 ,        0
MHxPC130310649 ,        0
MHxPC130260609 ,        1
MHxPC130233515 ,        1
MHxPC130119182 ,        0
MHxPC130511253 ,        0
MHxPC130221115 ,        1
MHxPC130056020 ,        1
MHxPC130249559 ,        1
MHxPC130197666 ,        1
MHxPC130337360 ,        0
MHxPC130172116 ,        0
MHxPC130150725 ,        0
MHxPC130334653 ,        0
MHxPC130159814 ,        0
MHxPC130490878 ,        1
MHxPC130410896 ,        1
MHxPC130404604 ,        0
MHxPC130354671 ,        0
MHxPC130596686 ,        1
MHxPC130495413 ,        1
MHxPC130367144 ,        1
MHxPC130377633 ,        1
MHxPC130032931 ,        0
MHxPC130583335 ,        0
MHxPC130449622 ,        0
MHxPC130588010 ,        1
MHxPC130590608 ,        1
MHxPC130292017 ,        0
MHxPC130152066 ,        0
MHxPC130255193 ,        1
MHxPC130254760 ,        1
MHxPC130191117 ,        1
MHxPC130584325 ,        1
MHxPC130044940 ,        0
MHxPC130394095 ,        1
MHxPC130079832 ,        1
MHxPC130109282 ,        1
MHxPC130565630 ,        0
MHxPC130404824 ,        0
MHxPC130332610 ,        0
MHxPC130047929 ,        1
MHxPC130063149 ,        1
MHxPC130255061 ,        1
MHxPC130406029 ,        0
MHxPC130414758 ,        1
MHxPC130293580 ,        0
MHxPC130101968 ,        0
MHxPC130179540 ,        1
MHxPC130239303 ,        1
MHxPC130478575 ,        0
MHxPC130507034 ,        0
MHxPC130418099 ,        0
MHxPC130102642 ,        0
MHxPC130159680 ,        0
MHxPC130021358 ,        0
MHxPC130517981 ,        0
MHxPC130433238 ,        0
MHxPC130360521 ,        1
MHxPC130170918 ,        1
MHxPC130088064 ,        1
MHxPC130288550 ,        1
MHxPC130241723 ,        0
MHxPC130311615 ,        0
MHxPC130381076 ,        0
MHxPC130018675 ,        1
MHxPC130245602 ,        1
MHxPC130482127 ,        0
MHxPC130173560 ,        1
MHxPC130442269 ,        1
MHxPC130176691 ,        1
MHxPC130580378 ,        0
MHxPC130381683 ,        0
MHxPC130034017 ,        0
MHxPC130090560 ,        1
MHxPC130376546 ,        0
MHxPC130055619 ,        1
MHxPC130015581 ,        0
MHxPC130043380 ,        0
MHxPC130466201 ,        1
MHxPC130183389 ,        0
MHxPC130025581 ,        0
MHxPC130143132 ,        1
MHxPC130310819 ,        0
MHxPC130379377 ,        1
MHxPC130125261 ,        0
MHxPC130218894 ,        1
MHxPC130473124 ,        0
MHxPC130447290 ,        1
MHxPC130232775 ,        1
MHxPC130213258 ,        1
MHxPC130327027 ,        1
MHxPC130404232 ,        0
MHxPC130425979 ,        1
MHxPC130072325 ,        1
MHxPC130101379 ,        0
MHxPC130197753 ,        0
MHxPC130190070 ,        1
MHxPC130290997 ,        0
MHxPC130145158 ,        1
MHxPC130258077 ,        1
MHxPC130478047 ,        1
MHxPC130553463 ,        0
MHxPC130106801 ,        0
MHxPC130107591 ,        0
MHxPC130050738 ,        1
MHxPC130172525 ,        1
MHxPC130371136 ,        1
MHxPC130516957 ,        1
MHxPC130430816 ,        0
MHxPC130281750 ,        1
MHxPC130110064 ,        0
MHxPC130190455 ,        0
MHxPC130488022 ,        0
MHxPC130580040 ,        1
MHxPC130190302 ,        1
MHxPC130424424 ,        0
MHxPC130027348 ,        1
MHxPC130007146 ,        1
MHxPC130542969 ,        0
MHxPC130121005 ,        0
MHxPC130416269 ,        1
MHxPC130493999 ,        0
MHxPC130181255 ,        1
MHxPC130249661 ,        0
MHxPC130463871 ,        0
MHxPC130506435 ,        1
MHxPC130032758 ,        1
MHxPC130289424 ,        1
MHxPC130097589 ,        1
MHxPC130508966 ,        0
MHxPC130316425 ,        0
MHxPC130281588 ,        1
MHxPC130336480 ,        0
MHxPC130010507 ,        0
MHxPC130378077 ,        1
MHxPC130074374 ,        1
MHxPC130186614 ,        1
MHxPC130537914 ,        0
MHxPC130352752 ,        1
MHxPC130274204 ,        1
MHxPC130072027 ,        1
MHxPC130246317 ,        1
MHxPC130055994 ,        1
MHxPC130343977 ,        1
MHxPC130477381 ,        1
MHxPC130404253 ,        0
MHxPC130577054 ,        0
MHxPC130324292 ,        0
MHxPC130131436 ,        1
MHxPC130553476 ,        0
MHxPC130099182 ,        1
MHxPC130225264 ,        1
MHxPC130528002 ,        1
MHxPC130549573 ,        0
MHxPC130054677 ,        1
MHxPC130072611 ,        0
MHxPC130175960 ,        0
MHxPC130139362 ,        0
MHxPC130068870 ,        0
MHxPC130396566 ,        0
MHxPC130419958 ,        0
MHxPC130507759 ,        1
MHxPC130588776 ,        1
MHxPC130309333 ,        1
MHxPC130470390 ,        1
MHxPC130431505 ,        1
MHxPC130300413 ,        0
MHxPC130544284 ,        0
MHxPC130154792 ,        0
MHxPC130417692 ,        0
MHxPC130004670 ,        0
MHxPC130009235 ,        0
MHxPC130467333 ,        1
MHxPC130052846 ,        1
MHxPC130256021 ,        0
MHxPC130393761 ,        1
MHxPC130320562 ,        1
MHxPC130405127 ,        0
MHxPC130448175 ,        1
MHxPC130222504 ,        1
MHxPC130457168 ,        0
MHxPC130374334 ,        1
MHxPC130252336 ,        1
MHxPC130564428 ,        1
MHxPC130040072 ,        1
MHxPC130454649 ,        0
MHxPC130218283 ,        0
MHxPC130362403 ,        1
MHxPC130485708 ,        0
MHxPC130120601 ,        0
MHxPC130508570 ,        1
MHxPC130493223 ,        0
MHxPC130441863 ,        0
MHxPC130524262 ,        1
MHxPC130083354 ,        0
MHxPC130306395 ,        0
MHxPC130320631 ,        1
MHxPC130370956 ,        0
MHxPC130326055 ,        0
MHxPC130214909 ,        1
MHxPC130460847 ,        0
MHxPC130240216 ,        1
MHxPC130380244 ,        0
MHxPC130077357 ,        1
MHxPC130010229 ,        0
MHxPC130404738 ,        0
MHxPC130183710 ,        1
MHxPC130359343 ,        1
MHxPC130490602 ,        0
MHxPC130441398 ,        0
MHxPC130273075 ,        0
MHxPC130541075 ,        1
MHxPC130198747 ,        0
MHxPC130378158 ,        0
MHxPC130251920 ,        1
MHxPC130409675 ,        1
MHxPC130283048 ,        0
MHxPC130098263 ,        0
MHxPC130006092 ,        0
MHxPC130055665 ,        0
MHxPC130181062 ,        1
MHxPC130182567 ,        0
MHxPC130084509 ,        1
MHxPC130303106 ,        1
MHxPC130347520 ,        1
MHxPC130520699 ,        0
MHxPC130346559 ,        0
MHxPC130297848 ,        0
MHxPC130534270 ,        1
MHxPC130596413 ,        1
MHxPC130089098 ,        1
MHxPC130060742 ,        0
MHxPC130260702 ,        1
MHxPC130489261 ,        1
MHxPC130468613 ,        1
MHxPC130236591 ,        0
MHxPC130215311 ,        0
MHxPC130276412 ,        0
MHxPC130243181 ,        1
MHxPC130486500 ,        0
MHxPC130393790 ,        0
MHxPC130359887 ,        1
MHxPC130572815 ,        0
MHxPC130141597 ,        0
MHxPC130332725 ,        0
MHxPC130593435 ,        1
MHxPC130590440 ,        1
MHxPC130032910 ,        1
MHxPC130353794 ,        0
MHxPC130116900 ,        1
MHxPC130125615 ,        0
MHxPC130259202 ,        1
MHxPC130127722 ,        0
MHxPC130328469 ,        0
MHxPC130096691 ,        1
MHxPC130563875 ,        0
MHxPC130030261 ,        1
MHxPC130431155 ,        1
MHxPC130587657 ,        1
MHxPC130581361 ,        1
MHxPC130248892 ,        1
MHxPC130365439 ,        0
MHxPC130015290 ,        1
MHxPC130035064 ,        0
MHxPC130213856 ,        0
MHxPC130100535 ,        1
MHxPC130269759 ,        1
MHxPC130434556 ,        0
MHxPC130031611 ,        1
MHxPC130217581 ,        0
MHxPC130058130 ,        0
MHxPC130543804 ,        1
MHxPC130057887 ,        1
MHxPC130508428 ,        0
MHxPC130002524 ,        1
MHxPC130123530 ,        0
MHxPC130290356 ,        1
MHxPC130494779 ,        1
MHxPC130436576 ,        1
MHxPC130438050 ,        1
MHxPC130333995 ,        1
MHxPC130095626 ,        0
MHxPC130264189 ,        1
MHxPC130164246 ,        1
MHxPC130582237 ,        1
MHxPC130200240 ,        1
MHxPC130355595 ,        0
MHxPC130014279 ,        0
MHxPC130107676 ,        1
MHxPC130135159 ,        1
MHxPC130393332 ,        0
MHxPC130553074 ,        1
MHxPC130046168 ,        1
MHxPC130437465 ,        0
MHxPC130393545 ,        1
MHxPC130327149 ,        1
MHxPC130075206 ,        1
MHxPC130172214 ,        0
MHxPC130142487 ,        1
MHxPC130411791 ,        0
MHxPC130229418 ,        1
MHxPC130387776 ,        1
MHxPC130134468 ,        1
MHxPC130239661 ,        0
MHxPC130586378 ,        0
MHxPC130365903 ,        0
MHxPC130062133 ,        1
MHxPC130121906 ,        0
MHxPC130103538 ,        0
MHxPC130435587 ,        0
MHxPC130289088 ,        1
MHxPC130034991 ,        0
MHxPC130245789 ,        0
MHxPC130089704 ,        1
MHxPC130276220 ,        1
MHxPC130421337 ,        1
MHxPC130118908 ,        0
MHxPC130489021 ,        0
MHxPC130591646 ,        1
MHxPC130488519 ,        1
MHxPC130172536 ,        1
MHxPC130482308 ,        0
MHxPC130271742 ,        1
MHxPC130360541 ,        0
MHxPC130219097 ,        1
MHxPC130415724 ,        1
MHxPC130349349 ,        0
MHxPC130296401 ,        1
MHxPC130455907 ,        0
MHxPC130301160 ,        1
MHxPC130212704 ,        1
MHxPC130304032 ,        0
MHxPC130259893 ,        1
MHxPC130478390 ,        0
MHxPC130123916 ,        1
MHxPC130202282 ,        0
MHxPC130442509 ,        0
MHxPC130581266 ,        0
MHxPC130019045 ,        1
MHxPC130087881 ,        1
MHxPC130088248 ,        0
MHxPC130379651 ,        0
MHxPC130544144 ,        1
MHxPC130446806 ,        0
MHxPC130301042 ,        1
MHxPC130123144 ,        0
MHxPC130014953 ,        0
MHxPC130449849 ,        0
MHxPC130024376 ,        1
MHxPC130318286 ,        1
MHxPC130125412 ,        0
MHxPC130561187 ,        0
MHxPC130531908 ,        0
MHxPC130220285 ,        1
MHxPC130156781 ,        0
MHxPC130221458 ,        1
MHxPC130480184 ,        1
MHxPC130564359 ,        0
MHxPC130417367 ,        1
MHxPC130219526 ,        0
MHxPC130060157 ,        1
MHxPC130406522 ,        1
MHxPC130063283 ,        0
MHxPC130567360 ,        1
MHxPC130592943 ,        0
MHxPC130133695 ,        1
MHxPC130305793 ,        0
MHxPC130381012 ,        0
MHxPC130332760 ,        1
MHxPC130485548 ,        0
MHxPC130258372 ,        0
MHxPC130000221 ,        1
MHxPC130190086 ,        1
MHxPC130238143 ,        0
MHxPC130122182 ,        1
MHxPC130036724 ,        0
MHxPC130281851 ,        0
MHxPC130216838 ,        1
MHxPC130517330 ,        0
MHxPC130545397 ,        1
MHxPC130309262 ,        1
MHxPC130342503 ,        0
MHxPC130498748 ,        0
MHxPC130409464 ,        0
MHxPC130340093 ,        1
MHxPC130465300 ,        0
MHxPC130478823 ,        0
MHxPC130036057 ,        0
MHxPC130066256 ,        0
MHxPC130392948 ,        1
MHxPC130409170 ,        1
MHxPC130263047 ,        1
MHxPC130174732 ,        1
MHxPC130275990 ,        1
MHxPC130216298 ,        1
MHxPC130312626 ,        1
MHxPC130109450 ,        1
MHxPC130248091 ,        0
MHxPC130579783 ,        1
MHxPC130018763 ,        1
MHxPC130370029 ,        0
MHxPC130451593 ,        0
MHxPC130019119 ,        0
MHxPC130036831 ,        0
MHxPC130584113 ,        1
MHxPC130580261 ,        1
MHxPC130097769 ,        0
MHxPC130510048 ,        1
MHxPC130458309 ,        1
MHxPC130425378 ,        0
MHxPC130308024 ,        1
MHxPC130273617 ,        0
MHxPC130513154 ,        0
MHxPC130309199 ,        0
MHxPC130388093 ,        0
MHxPC130583368 ,        1
MHxPC130063295 ,        1
MHxPC130566628 ,        0
MHxPC130368062 ,        0
MHxPC130537191 ,        1
MHxPC130361684 ,        0
MHxPC130368768 ,        1
MHxPC130310973 ,        1
MHxPC130542783 ,        1
MHxPC130196126 ,        0
MHxPC130129237 ,        0
MHxPC130330918 ,        0
MHxPC130013595 ,        0
MHxPC130039963 ,        1
MHxPC130545661 ,        1
MHxPC130341355 ,        1
MHxPC130377287 ,        1
MHxPC130257180 ,        0
MHxPC130221038 ,        0
MHxPC130250035 ,        0
MHxPC130405495 ,        0
MHxPC130441099 ,        1
MHxPC130325310 ,        1
MHxPC130405507 ,        1
MHxPC130379673 ,        1
MHxPC130227549 ,        1
MHxPC130522538 ,        0
MHxPC130303563 ,        1
MHxPC130206345 ,        0
MHxPC130164817 ,        0
MHxPC130018608 ,        0
MHxPC130096853 ,        1
MHxPC130158335 ,        0
MHxPC130051116 ,        1
MHxPC130253376 ,        0
MHxPC130403789 ,        1
MHxPC130468777 ,        1
MHxPC130122051 ,        0
MHxPC130450318 ,        0
MHxPC130326643 ,        0
MHxPC130312455 ,        1
MHxPC130259542 ,        1
MHxPC130542656 ,        1
MHxPC130564167 ,        0
MHxPC130579137 ,        0
MHxPC130534663 ,        0
MHxPC130027003 ,        1
MHxPC130039024 ,        0
MHxPC130501140 ,        0
MHxPC130479898 ,        0
MHxPC130374004 ,        0
MHxPC130363062 ,        0
MHxPC130067455 ,        0
MHxPC130221324 ,        0
MHxPC130494254 ,        0
MHxPC130436177 ,        0
MHxPC130359649 ,        1
MHxPC130318381 ,        1
MHxPC130467540 ,        1
MHxPC130378081 ,        1
MHxPC130276803 ,        1
MHxPC130542713 ,        1
MHxPC130028486 ,        0
MHxPC130416903 ,        0
MHxPC130426850 ,        1
MHxPC130424234 ,        1
MHxPC130237745 ,        1
MHxPC130147579 ,        1
MHxPC130239791 ,        1
MHxPC130405523 ,        1
MHxPC130319583 ,        0
MHxPC130322363 ,        1
MHxPC130095405 ,        1
MHxPC130325212 ,        0
MHxPC130591318 ,        1
MHxPC130264916 ,        0
MHxPC130143818 ,        0
MHxPC130234844 ,        0
MHxPC130240219 ,        0
MHxPC130564175 ,        1
MHxPC130474526 ,        0
MHxPC130029964 ,        0
MHxPC130584990 ,        1
MHxPC130202254 ,        1
MHxPC130175667 ,        0
MHxPC130412462 ,        0
MHxPC130413410 ,        1
MHxPC130317112 ,        1
MHxPC130365392 ,        1
MHxPC130407607 ,        0
MHxPC130482567 ,        1
MHxPC130453881 ,        1
MHxPC130215587 ,        1
MHxPC130429548 ,        0
MHxPC130088572 ,        0
MHxPC130107487 ,        1
MHxPC130214942 ,        1
MHxPC130090464 ,        1
MHxPC130218028 ,        0
MHxPC130017101 ,        1
MHxPC130342372 ,        0
MHxPC130162667 ,        0
MHxPC130552476 ,        0
MHxPC130409470 ,        1
MHxPC130535456 ,        0
MHxPC130500518 ,        0
MHxPC130397419 ,        1
MHxPC130560841 ,        1
MHxPC130597325 ,        0
MHxPC130596588 ,        0
MHxPC130185090 ,        0
MHxPC130067996 ,        1
MHxPC130240351 ,        0
MHxPC130544822 ,        1
MHxPC130066792 ,        1
MHxPC130490568 ,        1
MHxPC130125867 ,        0
MHxPC130333393 ,        0
MHxPC130187931 ,        1
MHxPC130018821 ,        1
MHxPC130504247 ,        1
MHxPC130336012 ,        0
MHxPC130165422 ,        0
MHxPC130377818 ,        0
MHxPC130240210 ,        1
MHxPC130231415 ,        1
MHxPC130433474 ,        0
MHxPC130069575 ,        0
MHxPC130529558 ,        0
MHxPC130110075 ,        1
MHxPC130429485 ,        0
MHxPC130265812 ,        0
MHxPC130057853 ,        0
MHxPC130135930 ,        0
MHxPC130529334 ,        1
MHxPC130388740 ,        1
MHxPC130446218 ,        1
MHxPC130169783 ,        0
MHxPC130087658 ,        0
MHxPC130085036 ,        0
MHxPC130232933 ,        1
MHxPC130545688 ,        0
MHxPC130185939 ,        1
MHxPC130273795 ,        0
MHxPC130214291 ,        1
MHxPC130177931 ,        1
MHxPC130492743 ,        0
MHxPC130511358 ,        1
MHxPC130328676 ,        1
MHxPC130512677 ,        1
MHxPC130546379 ,        0
MHxPC130108606 ,        0
MHxPC130478696 ,        0
MHxPC130441250 ,        0
MHxPC130005204 ,        0
MHxPC130514785 ,        1
MHxPC130284915 ,        0
MHxPC130568363 ,        1
MHxPC130399320 ,        1
MHxPC130340457 ,        1
MHxPC130288866 ,        0
MHxPC130421755 ,        0
MHxPC130317781 ,        1
MHxPC130280030 ,        0
MHxPC130144004 ,        1
MHxPC130095864 ,        1
MHxPC130195883 ,        0
MHxPC130426756 ,        1
MHxPC130099465 ,        1
MHxPC130482369 ,        0
MHxPC130542098 ,        1
MHxPC130044092 ,        0
MHxPC130459527 ,        1
MHxPC130070290 ,        1
MHxPC130437059 ,        0
MHxPC130519446 ,        0
MHxPC130529492 ,        1
MHxPC130332639 ,        1
MHxPC130493768 ,        0
MHxPC130141704 ,        0
MHxPC130284724 ,        1
MHxPC130576629 ,        1
MHxPC130367647 ,        0
MHxPC130357732 ,        0
MHxPC130540667 ,        0
MHxPC130017217 ,        1
MHxPC130509273 ,        1
MHxPC130313722 ,        0
MHxPC130530384 ,        1
MHxPC130434010 ,        0
MHxPC130237723 ,        0
MHxPC130586142 ,        1
MHxPC130154863 ,        0
MHxPC130142083 ,        1
MHxPC130178909 ,        0
MHxPC130148614 ,        0
MHxPC130230544 ,        0
MHxPC130368780 ,        1
MHxPC130050524 ,        0
MHxPC130467453 ,        1
MHxPC130287570 ,        0
MHxPC130042761 ,        0
MHxPC130282419 ,        1
MHxPC130512983 ,        1
MHxPC130404994 ,        1
MHxPC130403631 ,        1
MHxPC130495307 ,        1
MHxPC130348470 ,        0
MHxPC130552287 ,        0
MHxPC130331179 ,        0
MHxPC130409089 ,        0
MHxPC130456044 ,        1
MHxPC130378920 ,        1
MHxPC130138965 ,        0
MHxPC130031029 ,        0
MHxPC130125287 ,        1
MHxPC130324368 ,        0
MHxPC130502975 ,        1
MHxPC130176603 ,        0
MHxPC130457970 ,        1
MHxPC130124595 ,        1
MHxPC130278930 ,        0
MHxPC130466260 ,        0
MHxPC130553561 ,        0
MHxPC130170299 ,        0
MHxPC130116101 ,        1
MHxPC130451226 ,        1
MHxPC130095729 ,        1
MHxPC130427590 ,        0
MHxPC130217805 ,        0
MHxPC130366950 ,        1
MHxPC130187377 ,        0
MHxPC130442322 ,        0
MHxPC130475028 ,        0
MHxPC130045990 ,        0
MHxPC130566294 ,        1
MHxPC130461946 ,        0
MHxPC130090276 ,        1
MHxPC130537029 ,        1
MHxPC130224525 ,        0
MHxPC130229062 ,        0
MHxPC130292251 ,        1
MHxPC130529745 ,        1
MHxPC130460501 ,        1
MHxPC130576535 ,        0
MHxPC130558844 ,        1
MHxPC130286108 ,        0
MHxPC130216602 ,        1
MHxPC130482797 ,        0
MHxPC130311976 ,        0
MHxPC130595711 ,        1
MHxPC130247280 ,        1
MHxPC130489185 ,        0
MHxPC130576081 ,        1
MHxPC130550045 ,        0
MHxPC130378707 ,        1
MHxPC130588949 ,        1
MHxPC130439248 ,        1
MHxPC130074763 ,        0
MHxPC130551198 ,        0
MHxPC130277981 ,        1
MHxPC130186769 ,        0
MHxPC130574778 ,        0
MHxPC130000599 ,        0
MHxPC130017175 ,        1
MHxPC130323314 ,        0
MHxPC130538918 ,        0
MHxPC130205391 ,        0
MHxPC130235894 ,        1
MHxPC130124959 ,        0
MHxPC130163612 ,        1
MHxPC130141582 ,        0
MHxPC130253199 ,        0
MHxPC130208628 ,        1
MHxPC130402440 ,        1
MHxPC130076815 ,        1
MHxPC130540287 ,        1
MHxPC130134463 ,        0
MHxPC130140342 ,        0
MHxPC130279064 ,        0
MHxPC130115849 ,        0
MHxPC130200959 ,        0
MHxPC130101210 ,        0
MHxPC130091083 ,        0
MHxPC130022216 ,        1
MHxPC130066761 ,        1
MHxPC130028534 ,        0
MHxPC130435386 ,        1
MHxPC130541426 ,        0
MHxPC130211231 ,        1
MHxPC130208701 ,        0
MHxPC130554167 ,        1
MHxPC130414006 ,        0
MHxPC130416571 ,        1
MHxPC130136355 ,        0
MHxPC130317255 ,        0
MHxPC130512081 ,        0
MHxPC130179752 ,        0
MHxPC130234769 ,        1
MHxPC130094535 ,        0
MHxPC130426767 ,        0
MHxPC130151774 ,        1
MHxPC130449592 ,        1
MHxPC130045883 ,        1
MHxPC130511161 ,        0
MHxPC130534345 ,        1
MHxPC130134231 ,        0
MHxPC130102584 ,        0
MHxPC130083471 ,        1
MHxPC130416684 ,        1
MHxPC130376376 ,        1
MHxPC130204248 ,        1
MHxPC130238028 ,        1
MHxPC130278718 ,        1
MHxPC130544063 ,        0
MHxPC130556286 ,        0
MHxPC130156263 ,        1
MHxPC130308117 ,        1
MHxPC130325118 ,        1
MHxPC130435922 ,        1
MHxPC130342545 ,        1
MHxPC130179873 ,        1
MHxPC130528957 ,        0
MHxPC130327936 ,        1
MHxPC130219999 ,        0
MHxPC130539316 ,        1
MHxPC130368557 ,        0
MHxPC130520094 ,        1
MHxPC130052771 ,        0
MHxPC130535537 ,        1
MHxPC130447417 ,        1
MHxPC130155670 ,        1
MHxPC130399206 ,        1
MHxPC130185732 ,        1
MHxPC130254498 ,        1
MHxPC130531905 ,        1
MHxPC130417636 ,        0
MHxPC130456706 ,        1
MHxPC130483246 ,        0
MHxPC130201065 ,        0
MHxPC130528056 ,        0
MHxPC130054783 ,        1
MHxPC130328746 ,        1
MHxPC130449513 ,        0
MHxPC130203492 ,        0
MHxPC130073233 ,        1
MHxPC130425584 ,        1
MHxPC130497648 ,        1
MHxPC130290368 ,        0
MHxPC130542817 ,        1
MHxPC130323028 ,        0
MHxPC130398859 ,        0
MHxPC130395667 ,        0
MHxPC130484364 ,        1
MHxPC130041734 ,        0
MHxPC130445807 ,        1
MHxPC130002196 ,        1
MHxPC130110076 ,        0
MHxPC130400215 ,        0
MHxPC130595400 ,        0
MHxPC130101181 ,        1
MHxPC130376221 ,        0
MHxPC130526522 ,        1
MHxPC130209215 ,        0
MHxPC130412413 ,        1
MHxPC130577389 ,        1
MHxPC130052026 ,        0
MHxPC130121034 ,        0
MHxPC130581003 ,        0
MHxPC130237436 ,        0
MHxPC130343994 ,        0
MHxPC130265423 ,        0
MHxPC130447332 ,        0
MHxPC130453815 ,        1
MHxPC130203535 ,        1
MHxPC130240891 ,        0
MHxPC130452251 ,        0
MHxPC130046391 ,        0
MHxPC130169154 ,        1
MHxPC130313224 ,        0
MHxPC130276367 ,        1
MHxPC130153115 ,        0
MHxPC130100052 ,        0
MHxPC130587744 ,        1
MHxPC130500963 ,        0
MHxPC130559230 ,        0
MHxPC130343412 ,        1
MHxPC130363853 ,        0
MHxPC130565373 ,        0
MHxPC130421348 ,        0
MHxPC130132860 ,        0
MHxPC130562235 ,        0
MHxPC130555110 ,        1
MHxPC130305846 ,        1
MHxPC130088790 ,        1
MHxPC130470539 ,        1
MHxPC130527439 ,        1
MHxPC130414166 ,        1
MHxPC130533573 ,        0
MHxPC130367803 ,        1
MHxPC130298808 ,        1
MHxPC130477425 ,        0
MHxPC130563140 ,        0
MHxPC130395023 ,        1
MHxPC130004078 ,        1
MHxPC130567851 ,        1
MHxPC130146435 ,        1
MHxPC130465924 ,        0
MHxPC130170498 ,        1
MHxPC130551579 ,        0
MHxPC130075880 ,        0
MHxPC130591047 ,        1
MHxPC130354095 ,        1
MHxPC130368845 ,        0
MHxPC130248999 ,        0
MHxPC130186103 ,        1
MHxPC130133283 ,        0
MHxPC130022357 ,        1
MHxPC130072954 ,        1
MHxPC130429982 ,        1
MHxPC130161968 ,        0
MHxPC130577026 ,        0
MHxPC130545610 ,        1
MHxPC130042328 ,        1
MHxPC130160343 ,        0
MHxPC130047162 ,        1
MHxPC130424662 ,        1
MHxPC130020487 ,        0
MHxPC130184083 ,        0
MHxPC130568223 ,        1
MHxPC130363960 ,        0
MHxPC130119942 ,        0
MHxPC130520504 ,        0
MHxPC130474384 ,        0
MHxPC130263339 ,        1
MHxPC130181583 ,        1
MHxPC130356402 ,        0
MHxPC130125497 ,        1
MHxPC130503506 ,        0
MHxPC130046511 ,        0
MHxPC130440522 ,        1
MHxPC130544389 ,        0
MHxPC130006579 ,        0
MHxPC130548778 ,        0
MHxPC130295980 ,        1
MHxPC130307768 ,        0
MHxPC130547150 ,        1
MHxPC130293471 ,        1
MHxPC130545424 ,        0
MHxPC130226979 ,        0
MHxPC130338381 ,        1
MHxPC130044708 ,        1
MHxPC130415517 ,        0
MHxPC130125376 ,        1
MHxPC130452784 ,        1
MHxPC130004782 ,        1
MHxPC130105517 ,        0
MHxPC130051918 ,        0
MHxPC130181798 ,        1
MHxPC130050671 ,        0
MHxPC130582812 ,        1
MHxPC130477442 ,        0
MHxPC130484379 ,        0
MHxPC130518453 ,        0
MHxPC130050500 ,        1
MHxPC130404540 ,        1
MHxPC130581831 ,        0
MHxPC130597113 ,        0
MHxPC130364240 ,        1
MHxPC130504092 ,        0
MHxPC130316719 ,        1
MHxPC130514654 ,        1
MHxPC130345751 ,        1
MHxPC130400989 ,        1
MHxPC130154616 ,        0
MHxPC130511180 ,        0
MHxPC130132076 ,        0
MHxPC130567730 ,        1
MHxPC130028493 ,        1
MHxPC130346062 ,        1
MHxPC130095159 ,        0
MHxPC130076263 ,        0
MHxPC130290458 ,        0
MHxPC130095912 ,        0
MHxPC130431775 ,        1
MHxPC130313711 ,        1
MHxPC130263025 ,        0
MHxPC130261177 ,        1
MHxPC130098870 ,        1
MHxPC130253238 ,        0
MHxPC130297866 ,        1
MHxPC130016879 ,        1
MHxPC130353395 ,        0
MHxPC130129054 ,        1
MHxPC130193115 ,        0
MHxPC130100839 ,        0
MHxPC130229202 ,        1
MHxPC130313816 ,        0
MHxPC130383488 ,        1
MHxPC130341139 ,        0
MHxPC130255003 ,        0
MHxPC130485133 ,        0
MHxPC130556487 ,        1
MHxPC130531375 ,        1
MHxPC130126967 ,        0
MHxPC130275350 ,        1
MHxPC130436794 ,        1
MHxPC130252659 ,        0
MHxPC130544735 ,        1
MHxPC130405104 ,        1
MHxPC130185768 ,        1
MHxPC130094583 ,        1
MHxPC130532314 ,        0
MHxPC130123326 ,        1
MHxPC130239019 ,        1
MHxPC130160308 ,        1
MHxPC130252847 ,        0
MHxPC130539182 ,        1
MHxPC130005002 ,        0
MHxPC130414382 ,        1
MHxPC130277090 ,        1
MHxPC130583215 ,        1
MHxPC130394176 ,        0
MHxPC130404294 ,        0
MHxPC130186158 ,        1
MHxPC130433659 ,        0
MHxPC130571048 ,        0
MHxPC130105721 ,        1
MHxPC130507389 ,        1
MHxPC130222564 ,        1
MHxPC130458745 ,        0
MHxPC130592030 ,        1
MHxPC130218196 ,        1
MHxPC130289890 ,        0
MHxPC130230094 ,        0
MHxPC130172980 ,        1
MHxPC130025188 ,        0
MHxPC130390326 ,        1
MHxPC130037088 ,        1
MHxPC130244534 ,        0
MHxPC130204448 ,        1
MHxPC130011763 ,        0
MHxPC130300923 ,        0
MHxPC130129990 ,        1
MHxPC130442400 ,        0
MHxPC130309720 ,        0
MHxPC130407569 ,        1
MHxPC130446414 ,        0
MHxPC130074064 ,        0
MHxPC130403655 ,        1
MHxPC130264127 ,        0
MHxPC130238055 ,        0
MHxPC130240621 ,        1
MHxPC130152637 ,        1
MHxPC130499976 ,        1
MHxPC130580286 ,        1
MHxPC130326270 ,        0
MHxPC130021977 ,        1
MHxPC130335555 ,        1
MHxPC130403708 ,        0
MHxPC130453800 ,        0
MHxPC130285782 ,        1
MHxPC130017654 ,        1
MHxPC130049904 ,        0
MHxPC130444762 ,        1
MHxPC130497039 ,        1
MHxPC130430320 ,        1
MHxPC130402730 ,        1
MHxPC130561509 ,        0
MHxPC130569117 ,        1
MHxPC130393762 ,        0
MHxPC130400931 ,        0
MHxPC130589855 ,        0
MHxPC130186184 ,        1
MHxPC130413269 ,        1
MHxPC130078584 ,        1
MHxPC130332248 ,        0
MHxPC130288780 ,        0
MHxPC130206489 ,        1
MHxPC130361170 ,        0
MHxPC130270335 ,        0
MHxPC130395427 ,        0
MHxPC130445299 ,        0
MHxPC130484327 ,        0
MHxPC130110966 ,        0
MHxPC130233773 ,        1
MHxPC130575302 ,        0
MHxPC130504708 ,        0
MHxPC130077138 ,        0
MHxPC130001968 ,        1
MHxPC130283609 ,        0
MHxPC130208668 ,        1
MHxPC130562517 ,        0
MHxPC130067954 ,        1
MHxPC130110705 ,        1
MHxPC130582569 ,        0
MHxPC130416971 ,        1
MHxPC130122789 ,        0
MHxPC130051981 ,        0
MHxPC130340962 ,        0
MHxPC130080738 ,        0
MHxPC130482149 ,        1
MHxPC130186183 ,        0
MHxPC130083815 ,        1
MHxPC130234011 ,        1
MHxPC130223157 ,        0
MHxPC130464068 ,        1
MHxPC130486234 ,        1
MHxPC130121066 ,        1
MHxPC130321436 ,        1
MHxPC130375177 ,        1
MHxPC130329848 ,        1
MHxPC130351355 ,        0
MHxPC130447786 ,        0
MHxPC130233634 ,        0
MHxPC130426362 ,        1
MHxPC130452821 ,        0
MHxPC130129485 ,        0
MHxPC130170141 ,        1
MHxPC130001590 ,        0
MHxPC130327157 ,        0
MHxPC130353015 ,        1
MHxPC130107987 ,        1
MHxPC130372725 ,        0
MHxPC130189841 ,        1
MHxPC130245110 ,        1
MHxPC130336133 ,        0
MHxPC130492595 ,        1
MHxPC130255052 ,        0
MHxPC130314555 ,        1
MHxPC130079895 ,        1
MHxPC130566569 ,        1
MHxPC130354972 ,        1
MHxPC130191732 ,        1
MHxPC130087308 ,        1
MHxPC130141509 ,        1
MHxPC130460645 ,        0
MHxPC130225496 ,        0
MHxPC130106953 ,        0
MHxPC130550640 ,        0
MHxPC130103857 ,        1
MHxPC130093149 ,        1
MHxPC130401803 ,        1
MHxPC130071606 ,        0
MHxPC130052319 ,        0
MHxPC130396776 ,        1
MHxPC130508166 ,        1
MHxPC130473909 ,        1
MHxPC130285726 ,        1
MHxPC130424087 ,        0
MHxPC130288251 ,        1
MHxPC130428647 ,        1
MHxPC130545107 ,        0
MHxPC130031468 ,        1
MHxPC130378365 ,        0
MHxPC130156490 ,        1
MHxPC130117967 ,        1
MHxPC130067506 ,        0
MHxPC130438731 ,        1
MHxPC130301964 ,        0
MHxPC130404789 ,        1
MHxPC130088346 ,        1
MHxPC130572731 ,        1
MHxPC130089951 ,        0
MHxPC130172300 ,        1
MHxPC130081824 ,        1
MHxPC130155033 ,        0
MHxPC130388126 ,        1
MHxPC130092595 ,        0
MHxPC130258679 ,        0
MHxPC130539917 ,        0
MHxPC130521296 ,        1
MHxPC130051720 ,        0
MHxPC130137860 ,        1
MHxPC130475516 ,        0
MHxPC130248770 ,        0
MHxPC130277676 ,        0
MHxPC130164898 ,        1
MHxPC130218201 ,        1
MHxPC130347039 ,        1
MHxPC130105379 ,        0
MHxPC130293548 ,        0
MHxPC130335928 ,        0
MHxPC130552997 ,        0
MHxPC130054879 ,        1
MHxPC130383166 ,        1
MHxPC130167058 ,        1
MHxPC130068596 ,        1
MHxPC130168225 ,        0
MHxPC130360907 ,        0
MHxPC130479490 ,        1
MHxPC130566066 ,        1
MHxPC130169909 ,        0
MHxPC130547244 ,        0
MHxPC130101320 ,        1
MHxPC130451377 ,        0
MHxPC130146003 ,        0
MHxPC130375147 ,        1
MHxPC130533189 ,        0
MHxPC130596231 ,        1
MHxPC130425686 ,        1
MHxPC130528934 ,        0
MHxPC130548863 ,        0
MHxPC130339451 ,        1
MHxPC130451249 ,        1
MHxPC130201248 ,        1
MHxPC130493407 ,        1
MHxPC130243207 ,        1
MHxPC130178705 ,        1
MHxPC130216794 ,        0
MHxPC130390118 ,        1
MHxPC130107928 ,        0
MHxPC130380356 ,        0
MHxPC130487039 ,        1
MHxPC130308021 ,        0
MHxPC130337013 ,        1
MHxPC130424876 ,        0
MHxPC130368692 ,        1
MHxPC130555880 ,        1
MHxPC130037673 ,        0
MHxPC130049489 ,        1
MHxPC130189819 ,        1
MHxPC130173905 ,        0
MHxPC130115595 ,        0
MHxPC130527431 ,        1
MHxPC130251791 ,        0
MHxPC130068093 ,        0
MHxPC130340439 ,        0
MHxPC130486443 ,        1
MHxPC130526150 ,        0
MHxPC130577745 ,        1
MHxPC130532828 ,        0
MHxPC130143174 ,        0
MHxPC130133352 ,        1
MHxPC130425089 ,        1
MHxPC130322411 ,        1
MHxPC130181269 ,        0
MHxPC130212907 ,        0
MHxPC130253237 ,        0
MHxPC130120668 ,        0
MHxPC130233931 ,        1
MHxPC130213164 ,        1
MHxPC130365949 ,        0
MHxPC130508185 ,        1
MHxPC130043538 ,        0
MHxPC130064513 ,        1
MHxPC130498898 ,        1
MHxPC130171439 ,        0
MHxPC130073125 ,        0
MHxPC130001970 ,        1
MHxPC130522403 ,        1
MHxPC130111877 ,        1
MHxPC130204185 ,        0
MHxPC130483106 ,        1
MHxPC130587985 ,        1
MHxPC130201127 ,        0
MHxPC130360106 ,        0
MHxPC130089601 ,        1
MHxPC130446565 ,        0
MHxPC130091490 ,        0
MHxPC130444218 ,        0
MHxPC130500962 ,        0
MHxPC130189229 ,        0
MHxPC130084831 ,        0
MHxPC130390816 ,        1
MHxPC130503331 ,        0
MHxPC130136791 ,        1
MHxPC130097277 ,        1
MHxPC130173450 ,        0
MHxPC130109594 ,        0
MHxPC130050421 ,        1
MHxPC130006352 ,        0
MHxPC130575468 ,        0
MHxPC130311239 ,        1
MHxPC130102244 ,        1
MHxPC130392502 ,        0
MHxPC130175485 ,        0
MHxPC130453149 ,        1
MHxPC130174177 ,        1
MHxPC130303555 ,        1
MHxPC130004495 ,        1
MHxPC130484215 ,        1
MHxPC130492194 ,        0
MHxPC130505720 ,        0
MHxPC130016027 ,        0
MHxPC130393935 ,        1
MHxPC130562105 ,        1
MHxPC130398156 ,        0
MHxPC130082438 ,        1
MHxPC130215436 ,        0
MHxPC130342491 ,        1
MHxPC130181633 ,        1
MHxPC130450053 ,        0
MHxPC130149292 ,        1
MHxPC130448720 ,        0
MHxPC130479184 ,        1
MHxPC130034333 ,        0
MHxPC130117231 ,        0
MHxPC130345453 ,        0
MHxPC130179308 ,        0
MHxPC130501124 ,        0
MHxPC130402661 ,        1
MHxPC130007792 ,        1
MHxPC130446648 ,        0
MHxPC130324268 ,        0
MHxPC130372428 ,        0
MHxPC130068207 ,        0
MHxPC130422523 ,        1
MHxPC130311005 ,        0
MHxPC130095508 ,        1
MHxPC130280539 ,        0
MHxPC130337161 ,        1
MHxPC130324293 ,        1
MHxPC130548895 ,        1
MHxPC130180765 ,        0
MHxPC130477552 ,        0
MHxPC130178326 ,        1
MHxPC130528217 ,        0
MHxPC130031483 ,        0
MHxPC130586962 ,        1
MHxPC130070870 ,        0
MHxPC130561997 ,        0
MHxPC130591931 ,        0
MHxPC130010278 ,        0
MHxPC130225946 ,        0
MHxPC130499316 ,        0
MHxPC130032284 ,        1
MHxPC130473377 ,        1
MHxPC130468675 ,        1
MHxPC130510783 ,        1
MHxPC130509733 ,        0
MHxPC130351814 ,        1
MHxPC130244870 ,        0
MHxPC130457523 ,        0
MHxPC130260485 ,        0
MHxPC130551496 ,        0
MHxPC130207520 ,        1
MHxPC130199757 ,        0
MHxPC130029933 ,        0
MHxPC130505094 ,        1
MHxPC130024689 ,        0
MHxPC130450192 ,        0
MHxPC130319045 ,        1
MHxPC130373115 ,        1
MHxPC130058513 ,        0
MHxPC130549702 ,        0
MHxPC130101770 ,        1
MHxPC130275326 ,        1
MHxPC130481228 ,        1
MHxPC130011366 ,        1
MHxPC130498534 ,        0
MHxPC130439072 ,        0
MHxPC130255673 ,        0
MHxPC130031596 ,        1
MHxPC130267593 ,        0
MHxPC130525136 ,        0
MHxPC130523541 ,        1
MHxPC130298188 ,        0
MHxPC130081468 ,        0
MHxPC130533413 ,        0
MHxPC130545641 ,        0
MHxPC130164154 ,        0
MHxPC130436222 ,        0
MHxPC130499447 ,        1
MHxPC130474497 ,        1
MHxPC130002530 ,        1
MHxPC130247795 ,        1
MHxPC130247678 ,        0
MHxPC130446049 ,        0
MHxPC130574014 ,        0
MHxPC130180282 ,        1
MHxPC130442768 ,        0
MHxPC130188310 ,        0
MHxPC130189916 ,        0
MHxPC130385587 ,        1
MHxPC130418749 ,        1
MHxPC130246972 ,        1
MHxPC130448280 ,        1
MHxPC130074947 ,        1
MHxPC130107236 ,        1
MHxPC130567768 ,        1
MHxPC130595408 ,        0
MHxPC130221237 ,        0
MHxPC130166716 ,        0
MHxPC130206123 ,        0
MHxPC130209560 ,        0
MHxPC130418193 ,        1
MHxPC130398910 ,        1
MHxPC130576769 ,        1
MHxPC130115072 ,        1
MHxPC130480231 ,        0
MHxPC130167940 ,        1
MHxPC130319643 ,        0
MHxPC130533690 ,        0
MHxPC130232530 ,        0
MHxPC130061235 ,        1
MHxPC130314033 ,        1
MHxPC130095186 ,        1
MHxPC130092787 ,        1
MHxPC130373552 ,        0
MHxPC130098046 ,        0
MHxPC130202704 ,        0
MHxPC130558210 ,        1
MHxPC130462836 ,        1
MHxPC130535187 ,        0
MHxPC130345953 ,        0
MHxPC130020034 ,        0
MHxPC130085286 ,        0
MHxPC130209936 ,        1
MHxPC130421150 ,        0
MHxPC130077875 ,        1
MHxPC130002325 ,        1
MHxPC130524389 ,        0
MHxPC130000851 ,        0
MHxPC130193536 ,        1
MHxPC130094648 ,        0
MHxPC130136793 ,        0
MHxPC130184202 ,        1
MHxPC130574848 ,        1
MHxPC130169426 ,        1
MHxPC130343731 ,        1
MHxPC130416114 ,        1
MHxPC130376557 ,        1
MHxPC130500400 ,        0
MHxPC130089348 ,        1
MHxPC130448835 ,        0
MHxPC130133028 ,        0
MHxPC130260411 ,        0
MHxPC130092752 ,        0
MHxPC130092556 ,        1
MHxPC130181536 ,        0
MHxPC130417560 ,        1
MHxPC130265629 ,        0
MHxPC130222444 ,        0
MHxPC130546312 ,        1
MHxPC130342847 ,        1
MHxPC130181989 ,        1
MHxPC130191125 ,        0
MHxPC130503869 ,        1
MHxPC130439756 ,        0
MHxPC130513417 ,        1
MHxPC130174151 ,        0
MHxPC130144581 ,        1
MHxPC130420376 ,        1
MHxPC130436733 ,        1
MHxPC130001534 ,        1
MHxPC130433274 ,        1
MHxPC130592143 ,        0
MHxPC130028950 ,        1
MHxPC130416758 ,        1
MHxPC130109988 ,        1
MHxPC130596880 ,        0
MHxPC130378344 ,        1
MHxPC130047441 ,        0
MHxPC130382937 ,        0
MHxPC130500298 ,        0
MHxPC130570698 ,        0
MHxPC130267178 ,        0
MHxPC130027761 ,        1
MHxPC130417650 ,        1
MHxPC130418937 ,        0
MHxPC130178388 ,        1
MHxPC130493606 ,        1
MHxPC130191478 ,        1
MHxPC130364389 ,        1
MHxPC130042525 ,        1
MHxPC130556740 ,        1
MHxPC130352705 ,        0
MHxPC130361909 ,        1
MHxPC130404646 ,        0
MHxPC130359758 ,        0
MHxPC130044597 ,        1
MHxPC130331540 ,        1
MHxPC130531675 ,        0
MHxPC130302359 ,        0
MHxPC130177812 ,        0
MHxPC130578458 ,        0
MHxPC130513549 ,        1
MHxPC130434818 ,        1
MHxPC130027820 ,        0
MHxPC130418585 ,        0
MHxPC130574563 ,        0
MHxPC130579097 ,        0
MHxPC130014490 ,        1
MHxPC130487147 ,        0
MHxPC130394806 ,        1
MHxPC130331203 ,        0
MHxPC130222651 ,        1
MHxPC130343278 ,        0
MHxPC130390886 ,        1
MHxPC130021885 ,        0
MHxPC130545020 ,        1
MHxPC130269231 ,        0
MHxPC130381463 ,        1
MHxPC130327687 ,        0
MHxPC130132934 ,        0
MHxPC130447347 ,        0
MHxPC130454032 ,        0
MHxPC130208627 ,        0
MHxPC130120418 ,        0
MHxPC130068703 ,        1
MHxPC130130372 ,        0
MHxPC130157199 ,        1
MHxPC130403564 ,        0
MHxPC130516311 ,        1
MHxPC130578494 ,        0
MHxPC130252084 ,        1
MHxPC130503632 ,        0
MHxPC130584790 ,        1
MHxPC130074570 ,        1
MHxPC130476790 ,        0
MHxPC130078679 ,        1
MHxPC130130395 ,        0
MHxPC130287668 ,        1
MHxPC130182529 ,        1
MHxPC130454219 ,        1
MHxPC130054915 ,        1
MHxPC130288472 ,        1
MHxPC130051983 ,        0
MHxPC130059415 ,        0
MHxPC130310675 ,        0
MHxPC130279022 ,        0
MHxPC130273851 ,        0
MHxPC130297161 ,        0
MHxPC130078960 ,        0
MHxPC130017925 ,        1
MHxPC130410699 ,        1
MHxPC130061101 ,        0
MHxPC130485932 ,        0
MHxPC130414837 ,        1
MHxPC130202445 ,        0
MHxPC130063050 ,        1
MHxPC130501602 ,        1
MHxPC130020745 ,        0
MHxPC130009162 ,        1
MHxPC130095150 ,        1
MHxPC130006925 ,        0
MHxPC130460296 ,        0
MHxPC130069104 ,        0
MHxPC130161717 ,        1
MHxPC130445144 ,        1
MHxPC130203384 ,        0
MHxPC130558354 ,        0
MHxPC130425577 ,        1
MHxPC130313078 ,        1
MHxPC130321324 ,        0
MHxPC130179466 ,        1
MHxPC130397727 ,        1
MHxPC130592861 ,        0
MHxPC130372007 ,        0
MHxPC130026111 ,        0
MHxPC130137597 ,        1
MHxPC130483570 ,        0
MHxPC130220805 ,        1
MHxPC130256295 ,        0
MHxPC130126876 ,        1
MHxPC130181079 ,        1
MHxPC130109477 ,        0
MHxPC130106999 ,        0
MHxPC130146597 ,        0
MHxPC130137905 ,        0
MHxPC130163116 ,        1
MHxPC130200961 ,        1
MHxPC130434651 ,        1
MHxPC130561282 ,        1
MHxPC130417101 ,        1
MHxPC130050505 ,        0
MHxPC130256002 ,        1
MHxPC130103084 ,        1
MHxPC130577885 ,        1
MHxPC130339493 ,        1
MHxPC130003123 ,        0
MHxPC130098456 ,        1
MHxPC130390646 ,        1
MHxPC130008515 ,        1
MHxPC130585840 ,        0
MHxPC130411496 ,        1
MHxPC130533396 ,        0
MHxPC130155964 ,        1
MHxPC130414379 ,        1
MHxPC130437848 ,        0
MHxPC130118868 ,        0
MHxPC130592656 ,        1
MHxPC130262513 ,        1
MHxPC130290266 ,        1
MHxPC130178268 ,        0
MHxPC130257766 ,        0
MHxPC130588118 ,        1
MHxPC130372228 ,        0
MHxPC130392398 ,        0
MHxPC130393390 ,        1
MHxPC130284955 ,        0
MHxPC130399251 ,        0
MHxPC130514871 ,        1
MHxPC130561181 ,        1
MHxPC130251910 ,        1
MHxPC130112035 ,        0
MHxPC130457998 ,        0
MHxPC130246608 ,        1
MHxPC130522470 ,        1
MHxPC130360415 ,        1
MHxPC130129799 ,        0
MHxPC130433502 ,        0
MHxPC130237695 ,        1
MHxPC130091076 ,        0
MHxPC130416979 ,        1
MHxPC130509217 ,        1
MHxPC130552475 ,        1
MHxPC130077157 ,        0
MHxPC130194765 ,        0
MHxPC130227410 ,        1
MHxPC130127918 ,        0
MHxPC130545721 ,        1
MHxPC130077621 ,        1
MHxPC130097329 ,        1
MHxPC130111854 ,        1
MHxPC130289337 ,        1
MHxPC130531420 ,        0
MHxPC130543670 ,        1
MHxPC130309345 ,        0
MHxPC130290830 ,        0
MHxPC130546817 ,        1
MHxPC130206631 ,        1
MHxPC130129793 ,        1
MHxPC130383750 ,        1
MHxPC130449957 ,        0
MHxPC130208023 ,        1
MHxPC130573114 ,        0
MHxPC130144254 ,        0
MHxPC130031924 ,        0
MHxPC130102134 ,        0
MHxPC130374226 ,        1
MHxPC130364969 ,        0
MHxPC130430733 ,        1
MHxPC130057176 ,        1
MHxPC130541579 ,        0
MHxPC130212123 ,        1
MHxPC130100654 ,        1
MHxPC130040339 ,        1
MHxPC130011563 ,        1
MHxPC130233836 ,        1
MHxPC130579405 ,        0
MHxPC130290233 ,        0
MHxPC130193531 ,        1
MHxPC130101233 ,        0
MHxPC130394707 ,        1
MHxPC130188925 ,        0
MHxPC130173915 ,        1
MHxPC130229899 ,        0
MHxPC130516099 ,        1
MHxPC130048224 ,        0
MHxPC130427807 ,        0
MHxPC130592382 ,        0
MHxPC130013368 ,        0
MHxPC130341582 ,        0
MHxPC130368601 ,        1
MHxPC130223575 ,        0
MHxPC130424421 ,        0
MHxPC130214817 ,        1
MHxPC130218769 ,        0
MHxPC130376091 ,        0
MHxPC130110082 ,        1
MHxPC130253959 ,        0
MHxPC130484175 ,        1
MHxPC130565090 ,        0
MHxPC130193326 ,        0
MHxPC130010802 ,        1
MHxPC130305920 ,        0
MHxPC130298194 ,        0
MHxPC130515455 ,        1
MHxPC130010415 ,        0
MHxPC130451357 ,        0
MHxPC130064108 ,        1
MHxPC130256175 ,        1
MHxPC130435406 ,        1
MHxPC130531943 ,        1
MHxPC130578143 ,        0
MHxPC130368499 ,        0
MHxPC130107475 ,        1
MHxPC130505066 ,        1
MHxPC130530663 ,        1
MHxPC130013533 ,        1
MHxPC130097782 ,        1
MHxPC130198957 ,        0
MHxPC130258882 ,        0
MHxPC130208367 ,        1
MHxPC130558536 ,        1
MHxPC130032198 ,        0
MHxPC130592165 ,        0
MHxPC130343458 ,        0
MHxPC130282360 ,        1
MHxPC130265614 ,        1
MHxPC130094520 ,        1
MHxPC130595729 ,        1
MHxPC130195987 ,        0
MHxPC130456355 ,        0
MHxPC130308424 ,        0
MHxPC130369680 ,        1
MHxPC130057301 ,        1
MHxPC130419201 ,        1
MHxPC130329686 ,        0
MHxPC130251237 ,        0
MHxPC130055220 ,        1
MHxPC130555618 ,        0
MHxPC130258550 ,        1
MHxPC130470240 ,        0
MHxPC130314351 ,        1
MHxPC130275608 ,        1
MHxPC130558020 ,        0
MHxPC130206430 ,        1
MHxPC130259629 ,        1
MHxPC130179669 ,        1
MHxPC130503974 ,        0
MHxPC130463352 ,        0
MHxPC130197549 ,        0
MHxPC130444293 ,        0
MHxPC130212306 ,        1
MHxPC130445594 ,        1
MHxPC130528235 ,        1
MHxPC130167831 ,        0
MHxPC130443762 ,        0
MHxPC130459769 ,        0
MHxPC130567453 ,        1
MHxPC130547670 ,        0
MHxPC130166558 ,        0
MHxPC130476167 ,        0
MHxPC130351273 ,        0
MHxPC130068568 ,        1
MHxPC130403450 ,        1
MHxPC130096775 ,        1
MHxPC130535550 ,        0
MHxPC130305377 ,        1
MHxPC130467555 ,        1
MHxPC130013002 ,        1
MHxPC130450212 ,        0
MHxPC130331200 ,        1
MHxPC130243419 ,        1
MHxPC130110728 ,        1
MHxPC130374837 ,        0
MHxPC130482118 ,        1
MHxPC130238991 ,        0
MHxPC130007568 ,        1
MHxPC130240044 ,        1
MHxPC130116337 ,        0
MHxPC130469285 ,        1
MHxPC130377845 ,        1
MHxPC130464468 ,        0
MHxPC130577160 ,        1
MHxPC130339267 ,        0
MHxPC130254868 ,        0
MHxPC130036782 ,        1
MHxPC130519009 ,        1
MHxPC130040619 ,        1
MHxPC130572786 ,        0
MHxPC130424307 ,        0
MHxPC130329079 ,        0
MHxPC130362253 ,        1
MHxPC130026730 ,        1
MHxPC130311368 ,        0
MHxPC130519498 ,        0
MHxPC130101344 ,        0
MHxPC130286472 ,        0
MHxPC130048565 ,        1
MHxPC130305915 ,        0
MHxPC130457774 ,        0
MHxPC130431281 ,        0
MHxPC130495650 ,        1
MHxPC130561773 ,        0
MHxPC130494874 ,        0
MHxPC130274513 ,        0
MHxPC130232249 ,        0
MHxPC130069420 ,        1
MHxPC130369770 ,        0
MHxPC130252238 ,        0
MHxPC130201497 ,        0
MHxPC130365587 ,        1
MHxPC130312291 ,        1
MHxPC130130023 ,        1
MHxPC130063921 ,        0
MHxPC130548469 ,        1
MHxPC130028662 ,        0
MHxPC130553303 ,        1
MHxPC130298159 ,        1
MHxPC130236621 ,        1
MHxPC130425836 ,        1
MHxPC130128588 ,        1
MHxPC130045269 ,        0
MHxPC130115150 ,        1
MHxPC130008821 ,        0
MHxPC130589088 ,        0
MHxPC130153256 ,        0
MHxPC130115776 ,        0
MHxPC130026563 ,        0
MHxPC130371303 ,        0
MHxPC130481804 ,        0
MHxPC130408622 ,        1
MHxPC130516728 ,        0
MHxPC130069076 ,        0
MHxPC130149601 ,        1
MHxPC130593388 ,        1
MHxPC130354127 ,        0
MHxPC130458616 ,        0
MHxPC130127623 ,        0
MHxPC130215702 ,        1
MHxPC130093470 ,        1
MHxPC130312900 ,        0
MHxPC130151114 ,        1
MHxPC130597342 ,        0
MHxPC130322658 ,        0
MHxPC130220359 ,        1
MHxPC130581087 ,        1
MHxPC130440380 ,        1
MHxPC130102615 ,        1
MHxPC130102843 ,        0
MHxPC130428932 ,        0
MHxPC130214793 ,        1
MHxPC130135856 ,        0
MHxPC130177385 ,        1
MHxPC130523158 ,        1
MHxPC130064001 ,        1
MHxPC130080103 ,        0
MHxPC130482641 ,        0
MHxPC130084089 ,        1
MHxPC130008230 ,        1
MHxPC130467847 ,        1
MHxPC130040842 ,        1
MHxPC130122975 ,        1
MHxPC130450723 ,        0
MHxPC130241636 ,        1
MHxPC130277721 ,        0
MHxPC130391285 ,        1
MHxPC130158242 ,        0
MHxPC130494764 ,        0
MHxPC130068122 ,        1
MHxPC130454905 ,        0
MHxPC130233062 ,        1
MHxPC130330070 ,        1
MHxPC130277895 ,        0
MHxPC130459182 ,        1
MHxPC130575820 ,        0
MHxPC130301806 ,        0
MHxPC130105421 ,        0
MHxPC130323250 ,        1
MHxPC130180658 ,        0
MHxPC130427815 ,        0
MHxPC130272297 ,        0
MHxPC130009880 ,        0
MHxPC130120831 ,        1
MHxPC130523318 ,        1
MHxPC130016889 ,        1
MHxPC130365765 ,        1
MHxPC130015744 ,        1
MHxPC130113169 ,        1
MHxPC130021399 ,        0
MHxPC130144937 ,        0
MHxPC130429190 ,        0
MHxPC130232825 ,        0
MHxPC130002881 ,        1
MHxPC130493937 ,        0
MHxPC130393329 ,        0
MHxPC130513217 ,        1
MHxPC130191855 ,        0
MHxPC130578781 ,        1
MHxPC130099383 ,        1
MHxPC130216576 ,        1
MHxPC130243040 ,        1
MHxPC130065871 ,        0
MHxPC130393148 ,        0
MHxPC130076804 ,        1
MHxPC130179329 ,        0
MHxPC130596255 ,        1
MHxPC130452678 ,        0
MHxPC130446160 ,        0
MHxPC130501379 ,        1
MHxPC130084112 ,        1
MHxPC130278307 ,        1
MHxPC130015929 ,        0
MHxPC130410457 ,        1
MHxPC130046338 ,        0
MHxPC130252471 ,        0
MHxPC130064964 ,        1
MHxPC130204342 ,        0
MHxPC130535194 ,        1
MHxPC130011185 ,        0
MHxPC130560415 ,        1
MHxPC130544604 ,        1
MHxPC130279552 ,        1
MHxPC130003218 ,        1
MHxPC130495388 ,        0
MHxPC130301435 ,        0
MHxPC130333571 ,        1
MHxPC130172215 ,        1
MHxPC130090877 ,        1
MHxPC130062669 ,        0
MHxPC130342394 ,        0
MHxPC130120641 ,        0
MHxPC130465803 ,        1
MHxPC130433924 ,        0
MHxPC130464153 ,        0
MHxPC130193082 ,        0
MHxPC130259473 ,        0
MHxPC130377916 ,        0
MHxPC130353384 ,        1
MHxPC130004413 ,        0
MHxPC130269098 ,        0
MHxPC130504716 ,        0
MHxPC130394430 ,        1
MHxPC130188136 ,        1
MHxPC130154536 ,        0
MHxPC130329797 ,        1
MHxPC130314552 ,        1
MHxPC130224406 ,        1
MHxPC130176986 ,        1
MHxPC130292937 ,        1
MHxPC130083734 ,        0
MHxPC130265131 ,        0
MHxPC130070363 ,        1
MHxPC130544115 ,        1
MHxPC130380977 ,        0
MHxPC130349808 ,        1
MHxPC130401472 ,        0
MHxPC130310455 ,        1
MHxPC130314964 ,        1
MHxPC130041268 ,        1
MHxPC130514946 ,        0
MHxPC130119432 ,        1
MHxPC130374252 ,        0
MHxPC130146703 ,        0
MHxPC130586294 ,        0
MHxPC130512286 ,        0
MHxPC130229882 ,        0
MHxPC130048348 ,        1
MHxPC130492768 ,        0
MHxPC130410674 ,        0
MHxPC130303456 ,        0
MHxPC130472050 ,        1
MHxPC130364945 ,        1
MHxPC130400614 ,        0
MHxPC130244376 ,        0
MHxPC130265201 ,        0
MHxPC130120180 ,        0
MHxPC130056995 ,        1
MHxPC130575272 ,        0
MHxPC130573341 ,        0
MHxPC130295403 ,        1
MHxPC130338285 ,        0
MHxPC130459751 ,        0
MHxPC130386237 ,        0
MHxPC130416535 ,        1
MHxPC130309182 ,        1
MHxPC130021014 ,        1
MHxPC130383916 ,        0
MHxPC130089281 ,        1
MHxPC130325915 ,        1
MHxPC130535974 ,        1
MHxPC130440912 ,        1
MHxPC130547406 ,        1
MHxPC130129006 ,        0
MHxPC130361461 ,        0
MHxPC130579705 ,        1
MHxPC130361797 ,        1
MHxPC130327940 ,        1
MHxPC130325727 ,        1
MHxPC130385767 ,        0
MHxPC130581582 ,        0
MHxPC130210273 ,        0
MHxPC130489334 ,        0
MHxPC130524365 ,        0
MHxPC130563565 ,        1
MHxPC130485383 ,        1
MHxPC130341557 ,        0
MHxPC130178675 ,        1
MHxPC130350874 ,        0
MHxPC130059922 ,        1
MHxPC130378685 ,        1
MHxPC130067479 ,        1
MHxPC130371590 ,        1
MHxPC130263384 ,        0
MHxPC130465786 ,        1
MHxPC130211382 ,        1
MHxPC130289908 ,        0
MHxPC130534899 ,        0
MHxPC130308258 ,        1
MHxPC130118408 ,        0
MHxPC130287573 ,        0
MHxPC130003732 ,        0
MHxPC130310804 ,        0
MHxPC130228775 ,        1
MHxPC130260112 ,        0
MHxPC130366393 ,        1
MHxPC130585450 ,        1
MHxPC130412655 ,        1
MHxPC130368005 ,        0
MHxPC130480535 ,        0
MHxPC130594795 ,        1
MHxPC130231447 ,        0
MHxPC130572492 ,        0
MHxPC130473519 ,        1
MHxPC130224682 ,        0
MHxPC130535185 ,        1
MHxPC130274155 ,        1
MHxPC130163867 ,        0
MHxPC130177324 ,        1
MHxPC130510041 ,        1
MHxPC130499204 ,        0
MHxPC130313098 ,        1
MHxPC130255837 ,        1
MHxPC130319617 ,        1
MHxPC130245379 ,        0
MHxPC130141237 ,        0
MHxPC130465286 ,        1
MHxPC130559114 ,        1
MHxPC130489614 ,        1
MHxPC130172689 ,        0
MHxPC130431336 ,        1
MHxPC130131612 ,        1
MHxPC130154959 ,        1
MHxPC130378485 ,        0
MHxPC130423282 ,        1
MHxPC130495880 ,        1
MHxPC130507968 ,        0
MHxPC130474479 ,        0
MHxPC130143492 ,        0
MHxPC130490964 ,        0
MHxPC130045047 ,        0
MHxPC130587404 ,        0
MHxPC130469596 ,        0
MHxPC130209722 ,        1
MHxPC130499094 ,        0
MHxPC130283477 ,        0
MHxPC130400051 ,        0
MHxPC130590305 ,        0
MHxPC130208371 ,        1
MHxPC130377090 ,        1
MHxPC130540144 ,        0
MHxPC130480029 ,        0
MHxPC130366803 ,        1
MHxPC130033934 ,        1
MHxPC130053151 ,        1
MHxPC130098203 ,        1
MHxPC130023736 ,        0
MHxPC130216336 ,        0
MHxPC130210080 ,        1
MHxPC130209226 ,        1
MHxPC130138436 ,        0
MHxPC130048954 ,        0
MHxPC130496282 ,        1
MHxPC130094755 ,        0
MHxPC130093665 ,        0
MHxPC130102280 ,        1
MHxPC130197988 ,        1
MHxPC130217249 ,        1
MHxPC130440603 ,        1
MHxPC130530141 ,        1
MHxPC130590669 ,        1
MHxPC130110624 ,        1
MHxPC130381046 ,        1
MHxPC130168310 ,        0
MHxPC130085048 ,        0
MHxPC130148669 ,        0
MHxPC130281347 ,        1
MHxPC130354944 ,        0
MHxPC130121568 ,        0
MHxPC130055639 ,        1
MHxPC130318208 ,        0
MHxPC130235774 ,        0
MHxPC130347827 ,        1
MHxPC130005733 ,        1
MHxPC130012030 ,        0
MHxPC130332042 ,        1
MHxPC130019072 ,        0
MHxPC130257897 ,        1
MHxPC130059041 ,        0
MHxPC130061087 ,        1
MHxPC130509206 ,        1
MHxPC130517606 ,        0
MHxPC130228928 ,        0
MHxPC130352561 ,        1
MHxPC130346293 ,        1
MHxPC130506390 ,        0
MHxPC130292697 ,        1
MHxPC130366515 ,        0
MHxPC130242833 ,        0
MHxPC130040477 ,        0
MHxPC130235387 ,        0
MHxPC130374122 ,        0
MHxPC130299231 ,        0
MHxPC130095175 ,        0
MHxPC130378204 ,        0
MHxPC130516955 ,        1
MHxPC130269970 ,        0
MHxPC130447412 ,        1
MHxPC130402329 ,        1
MHxPC130034509 ,        0
MHxPC130275594 ,        0
MHxPC130345347 ,        0
MHxPC130406948 ,        1
MHxPC130035025 ,        0
MHxPC130221515 ,        1
MHxPC130181988 ,        1
MHxPC130057664 ,        0
MHxPC130424414 ,        0
MHxPC130535658 ,        0
MHxPC130111536 ,        1
MHxPC130255775 ,        1
MHxPC130515782 ,        1
MHxPC130490659 ,        1
MHxPC130111816 ,        0
MHxPC130429267 ,        0
MHxPC130268736 ,        1
MHxPC130335754 ,        1
MHxPC130187146 ,        1
MHxPC130565335 ,        1
MHxPC130035826 ,        1
MHxPC130544806 ,        1
MHxPC130139499 ,        1
MHxPC130004501 ,        0
MHxPC130400585 ,        0
MHxPC130415899 ,        1
MHxPC130119892 ,        0
MHxPC130026372 ,        0
MHxPC130072448 ,        1
MHxPC130406271 ,        1
MHxPC130392484 ,        0
MHxPC130472426 ,        0
MHxPC130593503 ,        0
MHxPC130182038 ,        1
MHxPC130402278 ,        1
MHxPC130313826 ,        1
MHxPC130253806 ,        1
MHxPC130022056 ,        1
MHxPC130409494 ,        1
MHxPC130163556 ,        0
MHxPC130207776 ,        0
MHxPC130566692 ,        1
MHxPC130188421 ,        1
MHxPC130409403 ,        1
MHxPC130407938 ,        0
MHxPC130049000 ,        0
MHxPC130139007 ,        0
MHxPC130229677 ,        0
MHxPC130355159 ,        0
MHxPC130576414 ,        1
MHxPC130017011 ,        0
MHxPC130412312 ,        1
MHxPC130063540 ,        0
MHxPC130506791 ,        1
MHxPC130222087 ,        1
MHxPC130456095 ,        1
MHxPC130016457 ,        0
MHxPC130176007 ,        0
MHxPC130040009 ,        0
MHxPC130295753 ,        1
MHxPC130221627 ,        1
MHxPC130407932 ,        0
MHxPC130023595 ,        1
MHxPC130080348 ,        0
MHxPC130032038 ,        0
MHxPC130230110 ,        1
MHxPC130164672 ,        0
MHxPC130575847 ,        1
MHxPC130281545 ,        0
MHxPC130449021 ,        0
MHxPC130088266 ,        1
MHxPC130411616 ,        1
MHxPC130321251 ,        1
MHxPC130197461 ,        1
MHxPC130375163 ,        1
MHxPC130274279 ,        0
MHxPC130025406 ,        1
MHxPC130045160 ,        1
MHxPC130177180 ,        0
MHxPC130320589 ,        1
MHxPC130392712 ,        1
MHxPC130305737 ,        0
MHxPC130373353 ,        1
MHxPC130021025 ,        0
MHxPC130266426 ,        0
MHxPC130557948 ,        1
MHxPC130025918 ,        0
MHxPC130206072 ,        0
MHxPC130484732 ,        1
MHxPC130091595 ,        0
MHxPC130142356 ,        1
MHxPC130060041 ,        1
MHxPC130334958 ,        0
MHxPC130511991 ,        0
MHxPC130176784 ,        1
MHxPC130163473 ,        1
MHxPC130589259 ,        0
MHxPC130387526 ,        0
MHxPC130141106 ,        1
MHxPC130268031 ,        1
MHxPC130483552 ,        0
MHxPC130562484 ,        0
MHxPC130226441 ,        1
MHxPC130061881 ,        0
MHxPC130326248 ,        1
MHxPC130104306 ,        0
MHxPC130197986 ,        1
MHxPC130456739 ,        1
MHxPC130443710 ,        1
MHxPC130114646 ,        1
MHxPC130187774 ,        0
MHxPC130053707 ,        1
MHxPC130308592 ,        0
MHxPC130286884 ,        0
MHxPC130142470 ,        0
MHxPC130086366 ,        0
MHxPC130567237 ,        0
MHxPC130205928 ,        0
MHxPC130207091 ,        1
MHxPC130144855 ,        0
MHxPC130533950 ,        0
MHxPC130185360 ,        0
MHxPC130103248 ,        0
MHxPC130140235 ,        1
MHxPC130490867 ,        1
MHxPC130062756 ,        1
MHxPC130373914 ,        0
MHxPC130384248 ,        0
MHxPC130433198 ,        0
MHxPC130138576 ,        1
MHxPC130390772 ,        0
MHxPC130021244 ,        1
MHxPC130347181 ,        1
MHxPC130464045 ,        1
MHxPC130243654 ,        0
MHxPC130592989 ,        1
MHxPC130361796 ,        1
MHxPC130427415 ,        1
MHxPC130328586 ,        1
MHxPC130301994 ,        0
MHxPC130381946 ,        1
MHxPC130421523 ,        1
MHxPC130116114 ,        0
MHxPC130239033 ,        1
MHxPC130445460 ,        0
MHxPC130133406 ,        0
